Workbook

Sheet UpdatedMetrics
A1: Folder | B1: Total Paraphrases | C1: Distance Measurement Time (Minutes)
C2: BLEU | D2: ChrF | E2: Levenshtein_Char | F2: Levenshtein_Word | G2: RougeN | H2: RougeL | I2: Meteor | J2: RoBERTa | K2: Cosine | L2: Euclidean
A3: 3e814c4b-4a00-44bc-8315-da7d4111063a | B3: 171 | C3: 0.682377 | D3: 0.709626 | E3: 1.3299 | F3: 1.3673 | G3: 2.5106 | H3: 2.5947 | I3: 3.3188 | J3: 10.3368 | K3: 10.6298 | L3: 11.3063
A4: 4bbaedf7-4852-46a3-8c95-5a1709d49a62 | B4: 91 | C4: 0.370919 | D4: 0.378904 | E4: 0.727176 | F4: 0.726489 | G4: 1.3409 | H4: 1.3826 | I4: 1.7694 | J4: 5.5121 | K4: 5.6672 | L4: 6.0239
A5: 6593e9ed-acd9-42cf-aeae-b3a04f70cfad | B5: 105 | C5: 0.427225 | D5: 0.43258 | E5: 0.830301 | F5: 0.851728 | G5: 1.5359 | H5: 1.6021 | I5: 2.0492 | J5: 6.3508 | K5: 6.5423 | L5: 6.9448
A6: eb583425-0944-49bc-bc44-02c014597d70 | B6: 91 | C6: 0.376203 | D6: 0.376458 | E6: 0.729273 | F6: 0.731345 | G6: 1.3505 | H6: 1.3895 | I6: 1.7788 | J6: 5.5194 | K6: 5.659 | L6: 6.0171
A7: cc1f7fde-314c-4015-8240-d8d835a7ce68 | B7: 210 | C7: 0.824143 | D7: 0.850944 | E7: 1.6422 | F7: 1.67 | G7: 3.0669 | H7: 3.1853 | I7: 4.0626 | J7: 12.6854 | K7: 13.0476 | L7: 13.8777
A8: a1b64daa-1172-47da-a910-d690d9c959f3 | B8: 78 | C8: 0.325577 | D8: 0.333577 | E8: 0.612646 | F8: 0.63483 | G8: 1.1467 | H8: 1.186 | I8: 1.5275 | J8: 4.7267 | K8: 4.8684 | L8: 5.1671
A9: 5c40abca-66e6-4a94-9ea0-ef29b10ebcce | B9: 595 | C9: 2.2936 | D9: 2.3895 | E9: 4.6112 | F9: 4.6823 | G9: 8.655 | H9: 8.9596 | I9: 11.5031 | J9: 35.9184 | K9: 36.9583 | L9: 39.2858
A10: 7cf53979-1d77-4a35-af3a-46a3609cd679 | B10: 91 | C10: 0.36549 | D10: 0.386919 | E10: 0.721356 | F10: 0.725252 | G10: 1.3477 | H10: 1.379 | I10: 1.7751 | J10: 5.5043 | K10: 5.6682 | L10: 6.0328
A11: abd39387-5f81-4566-aa2e-b2931c431c6e | B11: 120 | C11: 0.481614 | D11: 0.488256 | E11: 0.946892 | F11: 0.963393 | G11: 1.7689 | H11: 1.8143 | I11: 2.3407 | J11: 7.2667 | K11: 7.4615 | L11: 7.9463
A12: 99cc2cc6-11ca-4925-89db-7b7ec0f3c499 | B12: 120 | C12: 0.485189 | D12: 0.48977 | E12: 0.95569 | F12: 0.961941 | G12: 1.7636 | H12: 1.8188 | I12: 2.3435 | J12: 7.253 | K12: 7.4624 | L12: 7.9396
A13: e2277ad9-9f56-4336-807f-d451c26271c5 | B13: 136 | C13: 0.545972 | D13: 0.565161 | E13: 1.0607 | F13: 1.0847 | G13: 2.004 | H13: 2.0745 | I13: 2.64 | J13: 8.2268 | K13: 8.4662 | L13: 8.9993
A14: 9707f3c9-6de4-4142-90bd-8b5d6d02f957 | B14: 325 | C14: 1.2615 | D14: 1.3225 | E14: 2.5217 | F14: 2.5733 | G14: 4.728 | H14: 4.8981 | I14: 6.2923 | J14: 19.6212 | K14: 20.1935 | L14: 21.4687
... A902: 080f46b0-c577-44cb-955c-0f2c9091f0e9 | B902: 253 | C902: 0.990591 | D902: 1.0296 | E902: 1.9762 | F902: 1.9984 | G902: 3.6903 | H902: 3.818 | I902: 4.9055 | J902: 15.2801 | K902: 15.732 | L902: 16.7088
A903: Average | B903: =AVERAGE(B3:B902) -> 235.78556 | C903: =AVERAGE(C3:C902) -> 0.92380537 | D903: =AVERAGE(D3:D902) -> 0.95905051 | E903: =AVERAGE(E3:E902) -> 1.8394651 | F903: =AVERAGE(F3:F902) -> 1.867043 | G903: =AVERAGE(G3:G902) -> 3.4430987 | H903: =AVERAGE(H3:H902) -> 3.5646937 | I903: =AVERAGE(I3:I902) -> 4.5669525 | ... L903: =AVERAGE(L3:L902) -> 15.581771
A904: Max | B904: =MAX(B3:B902) -> 1770 | C904: =MAX(C3:C902) -> 6.8127 | D904: =MAX(D3:D902) -> 7.0784 | E904: =MAX(E3:E902) -> 13.686 | F904: =MAX(F3:F902) -> 13.8757 | G904: =MAX(G3:G902) -> 25.7198 | H904: =MAX(H3:H902) -> 26.6195 | I904: =MAX(I3:I902) -> 34.152 | ... L904: =MAX(L3:L902) -> 116.85
A905: Min | B905: =MIN(B3:B902) -> 28 | C905: =MIN(C3:C902) -> 0.118301 | D905: =MIN(D3:D902) -> 0.12232 | E905: =MIN(E3:E902) -> 0.226267 | F905: =MIN(F3:F902) -> 0.234376 | G905: =MIN(G3:G902) -> 0.422244 | H905: =MIN(H3:H902) -> 0.436219 | I905: =MIN(I3:I902) -> 0.555353 | ... L905: =MIN(L3:L902) -> 1.8642
A906: StDev | B906: =STDEV(B3:B902) -> 269.74218 | C906: =STDEV(C3:C902) -> 1.0340525 | D906: =STDEV(D3:D902) -> 1.0744692 | E906: =STDEV(E3:E902) -> 2.0813232 | F906: =STDEV(F3:F902) -> 2.1129822 | G906: =STDEV(G3:G902) -> 3.9157083 | H906: =STDEV(H3:H902) -> 4.0554301 | I906: =STDEV(I3:I902) -> 5.201741 | ... L906: =STDEV(L3:L902) -> 17.802845

Sheet Analysis
A1: =UpdatedMetrics!A1 -> Folder | B1: =UpdatedMetrics!B1 -> Total Paraphrases | C1: Distance Measurement Time (Second per paraphrase)
C2: =UpdatedMetrics!C2 -> BLEU | D2: =UpdatedMetrics!D2 -> ChrF | E2: =UpdatedMetrics!E2 -> Levenshtein_Char | F2: =UpdatedMetrics!F2 -> Levenshtein_Word | G2: =UpdatedMetrics!G2 -> RougeN | H2: =UpdatedMetrics!H2 -> RougeL | I2: =UpdatedMetrics!I2 -> Meteor | J2: =UpdatedMetrics!J2 -> RoBERTa | ... L2: =UpdatedMetrics!L2 -> Euclidean
A3: =UpdatedMetrics!A3 -> 3e814c4b-4a00-44bc-8315-da7d4111063a | B3: =UpdatedMetrics!B3 -> 171 | C3: =UpdatedMetrics!C3/Analysis!$B3*60 -> 0.23943053 | D3: =UpdatedMetrics!D3/Analysis!$B3*60 -> 0.24899158 | E3: =UpdatedMetrics!E3/Analysis!$B3*60 -> 0.46663158 | F3: =UpdatedMetrics!F3/Analysis!$B3*60 -> 0.47975439 | G3: =UpdatedMetrics!G3/Analysis!$B3*60 -> 0.88091228 | H3: =UpdatedMetrics!H3/Analysis!$B3*60 -> 0.91042105 | I3: =UpdatedMetrics!I3/Analysis!$B3*60 -> 1.1644912 | J3: =UpdatedMetrics!J3/Analysis!$B3*60 -> 3.6269474 | ... L3: =UpdatedMetrics!L3/Analysis!$B3*60 -> 3.9671228
A4: =UpdatedMetrics!A4 -> 4bbaedf7-4852-46a3-8c95-5a1709d49a62 | B4: =UpdatedMetrics!B4 -> 91 | C4: =UpdatedMetrics!C4/Analysis!$B4*60 -> 0.24456198 | D4: =UpdatedMetrics!D4/Analysis!$B4*60 -> 0.24982681 | E4: =UpdatedMetrics!E4/Analysis!$B4*60 -> 0.4794567 | F4: =UpdatedMetrics!F4/Analysis!$B4*60 -> 0.47900374 | G4: =UpdatedMetrics!G4/Analysis!$B4*60 -> 0.88410989 | H4: =UpdatedMetrics!H4/Analysis!$B4*60 -> 0.9116044 | I4: =UpdatedMetrics!I4/Analysis!$B4*60 -> 1.1666374 | J4: =UpdatedMetrics!J4/Analysis!$B4*60 -> 3.6343516 | ... L4: =UpdatedMetrics!L4/Analysis!$B4*60 -> 3.9718022
A5: =UpdatedMetrics!A5 -> 6593e9ed-acd9-42cf-aeae-b3a04f70cfad | B5: =UpdatedMetrics!B5 -> 105 | C5: =UpdatedMetrics!C5/Analysis!$B5*60 -> 0.24412857 | D5: =UpdatedMetrics!D5/Analysis!$B5*60 -> 0.24718857 | E5: =UpdatedMetrics!E5/Analysis!$B5*60 -> 0.47445771 | F5: =UpdatedMetrics!F5/Analysis!$B5*60 -> 0.48670171 | G5: =UpdatedMetrics!G5/Analysis!$B5*60 -> 0.87765714 | H5: =UpdatedMetrics!H5/Analysis!$B5*60 -> 0.91548571 | I5: =UpdatedMetrics!I5/Analysis!$B5*60 -> 1.1709714 | J5: =UpdatedMetrics!J5/Analysis!$B5*60 -> 3.6290286 | ... L5: =UpdatedMetrics!L5/Analysis!$B5*60 -> 3.9684571
A6: =UpdatedMetrics!A6 -> eb583425-0944-49bc-bc44-02c014597d70 | B6: =UpdatedMetrics!B6 -> 91 | C6: =UpdatedMetrics!C6/Analysis!$B6*60 -> 0.24804593 | D6: =UpdatedMetrics!D6/Analysis!$B6*60 -> 0.24821407 | E6: =UpdatedMetrics!E6/Analysis!$B6*60 -> 0.48083934 | F6: =UpdatedMetrics!F6/Analysis!$B6*60 -> 0.48220549 | G6: =UpdatedMetrics!G6/Analysis!$B6*60 -> 0.89043956 | H6: =UpdatedMetrics!H6/Analysis!$B6*60 -> 0.91615385 | I6: =UpdatedMetrics!I6/Analysis!$B6*60 -> 1.1728352 | J6: =UpdatedMetrics!J6/Analysis!$B6*60 -> 3.6391648 | ... L6: =UpdatedMetrics!L6/Analysis!$B6*60 -> 3.9673187
A7: =UpdatedMetrics!A7 -> cc1f7fde-314c-4015-8240-d8d835a7ce68 | B7: =UpdatedMetrics!B7 -> 210 | C7: =UpdatedMetrics!C7/Analysis!$B7*60 -> 0.23546943 | D7: =UpdatedMetrics!D7/Analysis!$B7*60 -> 0.24312686 | E7: =UpdatedMetrics!E7/Analysis!$B7*60 -> 0.4692 | F7: =UpdatedMetrics!F7/Analysis!$B7*60 -> 0.47714286 | G7: =UpdatedMetrics!G7/Analysis!$B7*60 -> 0.87625714 | H7: =UpdatedMetrics!H7/Analysis!$B7*60 -> 0.91008571 | I7: =UpdatedMetrics!I7/Analysis!$B7*60 -> 1.1607429 | J7: =UpdatedMetrics!J7/Analysis!$B7*60 -> 3.6244 | ... L7: =UpdatedMetrics!L7/Analysis!$B7*60 -> 3.9650571
A8: =UpdatedMetrics!A8 -> a1b64daa-1172-47da-a910-d690d9c959f3 | B8: =UpdatedMetrics!B8 -> 78 | C8: =UpdatedMetrics!C8/Analysis!$B8*60 -> 0.25044385 | D8: =UpdatedMetrics!D8/Analysis!$B8*60 -> 0.25659769 | E8: =UpdatedMetrics!E8/Analysis!$B8*60 -> 0.47126615 | F8: =UpdatedMetrics!F8/Analysis!$B8*60 -> 0.48833077 | G8: =UpdatedMetrics!G8/Analysis!$B8*60 -> 0.88207692 | H8: =UpdatedMetrics!H8/Analysis!$B8*60 -> 0.91230769 | I8: =UpdatedMetrics!I8/Analysis!$B8*60 -> 1.175 | J8: =UpdatedMetrics!J8/Analysis!$B8*60 -> 3.6359231 | ... L8: =UpdatedMetrics!L8/Analysis!$B8*60 -> 3.9746923
A9: =UpdatedMetrics!A9 -> 5c40abca-66e6-4a94-9ea0-ef29b10ebcce | B9: =UpdatedMetrics!B9 -> 595 | C9: =UpdatedMetrics!C9/Analysis!$B9*60 -> 0.23128739 | D9: =UpdatedMetrics!D9/Analysis!$B9*60 -> 0.24095798 | E9: =UpdatedMetrics!E9/Analysis!$B9*60 -> 0.46499496 | F9: =UpdatedMetrics!F9/Analysis!$B9*60 -> 0.47216471 | G9: =UpdatedMetrics!G9/Analysis!$B9*60 -> 0.87277311 | H9: =UpdatedMetrics!H9/Analysis!$B9*60 -> 0.90348908 | I9: =UpdatedMetrics!I9/Analysis!$B9*60 -> 1.1599765 | J9: =UpdatedMetrics!J9/Analysis!$B9*60 -> 3.6220235 | ... L9: =UpdatedMetrics!L9/Analysis!$B9*60 -> 3.9615933
A10: =UpdatedMetrics!A10 -> 7cf53979-1d77-4a35-af3a-46a3609cd679 | B10: =UpdatedMetrics!B10 -> 91 | C10: =UpdatedMetrics!C10/Analysis!$B10*60 -> 0.24098242 | D10: =UpdatedMetrics!D10/Analysis!$B10*60 -> 0.25511143 | E10: =UpdatedMetrics!E10/Analysis!$B10*60 -> 0.47561934 | F10: =UpdatedMetrics!F10/Analysis!$B10*60 -> 0.47818813 | G10: =UpdatedMetrics!G10/Analysis!$B10*60 -> 0.88859341 | H10: =UpdatedMetrics!H10/Analysis!$B10*60 -> 0.90923077 | I10: =UpdatedMetrics!I10/Analysis!$B10*60 -> 1.1703956 | J10: =UpdatedMetrics!J10/Analysis!$B10*60 -> 3.6292088 | ... L10: =UpdatedMetrics!L10/Analysis!$B10*60 -> 3.9776703
A11: =UpdatedMetrics!A11 -> abd39387-5f81-4566-aa2e-b2931c431c6e | B11: =UpdatedMetrics!B11 -> 120 | C11: =UpdatedMetrics!C11/Analysis!$B11*60 -> 0.240807 | D11: =UpdatedMetrics!D11/Analysis!$B11*60 -> 0.244128 | E11: =UpdatedMetrics!E11/Analysis!$B11*60 -> 0.473446 | F11: =UpdatedMetrics!F11/Analysis!$B11*60 -> 0.4816965 | G11: =UpdatedMetrics!G11/Analysis!$B11*60 -> 0.88445 | H11: =UpdatedMetrics!H11/Analysis!$B11*60 -> 0.90715 | I11: =UpdatedMetrics!I11/Analysis!$B11*60 -> 1.17035 | J11: =UpdatedMetrics!J11/Analysis!$B11*60 -> 3.63335 | ... L11: =UpdatedMetrics!L11/Analysis!$B11*60 -> 3.97315
A12: =UpdatedMetrics!A12 -> 99cc2cc6-11ca-4925-89db-7b7ec0f3c499 | B12: =UpdatedMetrics!B12 -> 120 | C12: =UpdatedMetrics!C12/Analysis!$B12*60 -> 0.2425945 | D12: =UpdatedMetrics!D12/Analysis!$B12*60 -> 0.244885 | E12: =UpdatedMetrics!E12/Analysis!$B12*60 -> 0.477845 | F12: =UpdatedMetrics!F12/Analysis!$B12*60 -> 0.4809705 | G12: =UpdatedMetrics!G12/Analysis!$B12*60 -> 0.8818 | H12: =UpdatedMetrics!H12/Analysis!$B12*60 -> 0.9094 | I12: =UpdatedMetrics!I12/Analysis!$B12*60 -> 1.17175 | J12: =UpdatedMetrics!J12/Analysis!$B12*60 -> 3.6265 | ... L12: =UpdatedMetrics!L12/Analysis!$B12*60 -> 3.9698
A13: =UpdatedMetrics!A13 -> e2277ad9-9f56-4336-807f-d451c26271c5 | B13: =UpdatedMetrics!B13 -> 136 | C13: =UpdatedMetrics!C13/Analysis!$B13*60 -> 0.24087 | D13: =UpdatedMetrics!D13/Analysis!$B13*60 -> 0.24933574 | E13: =UpdatedMetrics!E13/Analysis!$B13*60 -> 0.46795588 | F13: =UpdatedMetrics!F13/Analysis!$B13*60 -> 0.47854412 | G13: =UpdatedMetrics!G13/Analysis!$B13*60 -> 0.88411765 | H13: =UpdatedMetrics!H13/Analysis!$B13*60 -> 0.91522059 | I13: =UpdatedMetrics!I13/Analysis!$B13*60 -> 1.1647059 | J13: =UpdatedMetrics!J13/Analysis!$B13*60 -> 3.6294706 | ... L13: =UpdatedMetrics!L13/Analysis!$B13*60 -> 3.9702794
A14: =UpdatedMetrics!A14 -> 9707f3c9-6de4-4142-90bd-8b5d6d02f957 | B14: =UpdatedMetrics!B14 -> 325 | C14: =UpdatedMetrics!C14/Analysis!$B14*60 -> 0.23289231 | D14: =UpdatedMetrics!D14/Analysis!$B14*60 -> 0.24415385 | E14: =UpdatedMetrics!E14/Analysis!$B14*60 -> 0.46554462 | F14: =UpdatedMetrics!F14/Analysis!$B14*60 -> 0.47507077 | G14: =UpdatedMetrics!G14/Analysis!$B14*60 -> 0.87286154 | H14: =UpdatedMetrics!H14/Analysis!$B14*60 -> 0.90426462 | I14: =UpdatedMetrics!I14/Analysis!$B14*60 -> 1.1616554 | J14: =UpdatedMetrics!J14/Analysis!$B14*60 -> 3.6223754 | ... L14: =UpdatedMetrics!L14/Analysis!$B14*60 -> 3.9634523
... A902: =UpdatedMetrics!A902 -> 080f46b0-c577-44cb-955c-0f2c9091f0e9 | B902: =UpdatedMetrics!B902 -> 253 | C902: =UpdatedMetrics!C902/Analysis!$B902*60 -> 0.23492277 | D902: =UpdatedMetrics!D902/Analysis!$B902*60 -> 0.24417391 | E902: =UpdatedMetrics!E902/Analysis!$B902*60 -> 0.46866403 | F902: =UpdatedMetrics!F902/Analysis!$B902*60 -> 0.47392885 | G902: =UpdatedMetrics!G902/Analysis!$B902*60 -> 0.87516996 | H902: =UpdatedMetrics!H902/Analysis!$B902*60 -> 0.90545455 | I902: =UpdatedMetrics!I902/Analysis!$B902*60 -> 1.1633597 | J902: =UpdatedMetrics!J902/Analysis!$B902*60 -> 3.6237391 | ... L902: =UpdatedMetrics!L902/Analysis!$B902*60 -> 3.9625613
A903: Average | B903: =AVERAGE(B3:B902) -> 235.78556 | C903: =AVERAGE(C3:C902) -> 0.23992528 | D903: =AVERAGE(D3:D902) -> 0.24888631 | E903: =AVERAGE(E3:E902) -> 0.47299019 | F903: =AVERAGE(F3:F902) -> 0.47994213 | G903: =AVERAGE(G3:G902) -> 0.88121327 | H903: =AVERAGE(H3:H902) -> 0.91194297 | I903: =AVERAGE(I3:I902) -> 1.1670999 | ... L903: =AVERAGE(L3:L902) -> 3.9699107
A904: StDev | B904: =STDEV(B3:B902) -> 269.74218 | C904: =STDEV(C3:C902) -> 0.0077824974 | D904: =STDEV(D3:D902) -> 0.007797879 | E904: =STDEV(E3:E902) -> 0.0079030231 | F904: =STDEV(F3:F902) -> 0.0078672794 | G904: =STDEV(G3:G902) -> 0.0082080504 | H904: =STDEV(H3:H902) -> 0.0078248107 | I904: =STDEV(I3:I902) -> 0.0081929852 | ... L904: =STDEV(L3:L902) -> 0.0077029686
A905: Max | B905: =MAX(B3:B902) -> 1770 | C905: =MAX(C3:C902) -> 0.29219357 | D905: =MAX(D3:D902) -> 0.29700214 | E905: =MAX(E3:E902) -> 0.52290643 | F905: =MAX(F3:F902) -> 0.52483071 | G905: =MAX(G3:G902) -> 0.93330643 | H905: =MAX(H3:H902) -> 0.96292714 | I905: =MAX(I3:I902) -> 1.2212743 | ... L905: =MAX(L3:L902) -> 4.0172143
A906: Min | B906: =MIN(B3:B902) -> 28 | C906: =MIN(C3:C902) -> 0.23044418 | D906: =MIN(D3:D902) -> 0.23938722 | E906: =MIN(E3:E902) -> 0.4633797 | F906: =MIN(F3:F902) -> 0.47036271 | G906: =MIN(G3:G902) -> 0.87136061 | H906: =MIN(H3:H902) -> 0.90235593 | I906: =MIN(I3:I902) -> 1.1574557 | ... L906: =MIN(L3:L902) -> 3.9603759
A908: Range | B908: min | C908: max | D908: Count
A909: 0..99 | B909: 0 | C909: 99 | D909: =COUNTIF($B$3:$B$902, "<="&C909)-COUNTIF($B$3:$B$902,"<"&B909) -> 289
A910: 100..199 | B910: 100 | C910: 199 | D910: =COUNTIF($B$3:$B$902, "<="&C910)-COUNTIF($B$3:$B$902,"<"&B910) -> 265
A911: 200..299 | B911: 200 | C911: 299 | D911: =COUNTIF($B$3:$B$902, "<="&C911)-COUNTIF($B$3:$B$902,"<"&B911) -> 157
A912: 300..399 | B912: 300 | C912: 399 | D912: =COUNTIF($B$3:$B$902, "<="&C912)-COUNTIF($B$3:$B$902,"<"&B912) -> 54
A913: 400..499 | B913: 400 | C913: 499 | D913: =COUNTIF($B$3:$B$902, "<="&C913)-COUNTIF($B$3:$B$902,"<"&B913) -> 37
A914: 500..599 | B914: 500 | C914: 599 | D914: =COUNTIF($B$3:$B$902, "<="&C914)-COUNTIF($B$3:$B$902,"<"&B914) -> 27
A915: 600..699 | B915: 600 | C915: 699 | D915: =COUNTIF($B$3:$B$902, "<="&C915)-COUNTIF($B$3:$B$902,"<"&B915) -> 11
A916: 700..799 | B916: 700 | C916: 799 | D916: =COUNTIF($B$3:$B$902, "<="&C916)-COUNTIF($B$3:$B$902,"<"&B916) -> 19
A917: 800..899 | B917: 800 | C917: 899 | D917: =COUNTIF($B$3:$B$902, "<="&C917)-COUNTIF($B$3:$B$902,"<"&B917) -> 3
A918: 900..999 | B918: 900 | C918: 999 | D918: =COUNTIF($B$3:$B$902, "<="&C918)-COUNTIF($B$3:$B$902,"<"&B918) -> 9
A919: 1000.1099 | B919: 1000 | C919: 1099 | D919: =COUNTIF($B$3:$B$902, "<="&C919)-COUNTIF($B$3:$B$902,"<"&B919) -> 5
A920: 1100..1199 | B920: 1100 | C920: 1199 | D920: =COUNTIF($B$3:$B$902, "<="&C920)-COUNTIF($B$3:$B$902,"<"&B920) -> 3
A921: 1200..1299 | B921: 1200 | C921: 1299 | D921: =COUNTIF($B$3:$B$902, "<="&C921)-COUNTIF($B$3:$B$902,"<"&B921) -> 7
A922: 1300..1399 | B922: 1300 | C922: 1399 | D922: =COUNTIF($B$3:$B$902, "<="&C922)-COUNTIF($B$3:$B$902,"<"&B922) -> 5
A923: 1400..1499 | B923: 1400 | C923: 1499 | D923: =COUNTIF($B$3:$B$902, "<="&C923)-COUNTIF($B$3:$B$902,"<"&B923) -> 0
A924: 1500..1599 | B924: 1500 | C924: 1599 | D924: =COUNTIF($B$3:$B$902, "<="&C924)-COUNTIF($B$3:$B$902,"<"&B924) -> 5
A925: 1600..1699 | B925: 1600 | C925: 1699 | D925: =COUNTIF($B$3:$B$902, "<="&C925)-COUNTIF($B$3:$B$902,"<"&B925) -> 2
A926: 1700..1799 | B926: 1700 | C926: 1799 | D926: =COUNTIF($B$3:$B$902, "<="&C926)-COUNTIF($B$3:$B$902,"<"&B926) -> 2
D927: =SUM(D909:D926) -> 900

Sheet Sheet1
B1: BLEU | C1: ChrF | D1: Levenshtein_Char | E1: Levenshtein_Word | F1: RougeN | G1: RougeL | H1: Meteor | I1: RoBERTa | J1: Cosine | K1: Euclidean
A2: Average | B2: 0.2399 | C2: 0.2489 | D2: 0.473 | E2: 0.4799 | F2: 0.8812 | G2: 0.9119 | H2: 1.1671 | I2: 3.6302 | J2: 3.7341 | K2: 3.9699
A3: StDev | B3: 0.0078 | C3: 0.0078 | D3: 0.0079 | E3: 0.0079 | F3: 0.0082 | G3: 0.0078 | H3: 0.0082 | I3: 0.0082 | J3: 0.0077 | K3: 0.0077
A4: Max | B4: 0.2922 | C4: 0.297 | D4: 0.5229 | E4: 0.5248 | F4: 0.9333 | G4: 0.9629 | H4: 1.2213 | I4: 3.6795 | J4: 3.7751 | K4: 4.0172
A5: Min | B5: 0.2304 | C5: 0.2394 | D5: 0.4634 | E5: 0.4704 | F5: 0.8714 | G5: 0.9024 | H5: 1.1575 | I5: 3.6205 | J5: 3.7244 | K5: 3.9604
A8: Metric | B8: Average | C8: StDev | D8: Max | E8: Min
A9: BLEU | B9: 0.2399 | C9: 0.0078 | D9: 0.2922 | E9: 0.2304
A10: ChrF | B10: 0.2489 | C10: 0.0078 | D10: 0.297 | E10: 0.2394
A11: Levenshtein_Char | B11: 0.473 | C11: 0.0079 | D11: 0.5229 | E11: 0.4634
A12: Levenshtein_Word | B12: 0.4799 | C12: 0.0079 | D12: 0.5248 | E12: 0.4704
A13: RougeN | B13: 0.8812 | C13: 0.0082 | D13: 0.9333 | E13: 0.8714
A14: RougeL | B14: 0.9119 | C14: 0.0078 | D14: 0.9629 | E14: 0.9024
A15: Meteor | B15: 1.1671 | C15: 0.0082 | D15: 1.2213 | E15: 1.1575
A16: RoBERTa | B16: 3.6302 | C16: 0.0082 | D16: 3.6795 | E16: 3.6205
A17: Cosine | B17: 3.7341 | C17: 0.0077 | D17: 3.7751 | E17: 3.7244
A18: Euclidean | B18: 3.9699 | C18: 0.0077 | D18: 4.0172 | E18: 3.9604
