Workbook

Sheet CyclomaticAverages
A1: Model | B1: Cyclomatic_Given | C1: Codex | D1: GeminiPro | E1: Falcon | F1: Llama2
A2: BLEU | B2: 1 | C2: 0.41614024 | D2: 0.37248116 | E2: 0.38622416 | F2: 0.39496041
B3: 2 | C3: 0.41688916 | D3: 0.40727849 | E3: 0.41709969 | F3: 0.41869637
B4: 3 | C4: 0.4104931 | D4: 0.40939575 | E4: 0.41759089 | F4: 0.41880065
B5: 4 | C5: 0.42500064 | D5: 0.39663407 | E5: 0.4164129 | F5: 0.42108496
B6: 5 | C6: 0.48105117 | D6: 0.47414246 | E6: 0.49252909 | F6: 0.49303114
B7: 6 | C7: 0.48519805 | D7: 0.47823395 | E7: 0.48547366 | F7: 0.48825972
A8: Pearson | C8: =PEARSON(B2:B7,C2:C7) -> 0.85774499 | D8: =PEARSON(B2:B7,D2:D7) -> 0.8859595 | E8: =PEARSON(B2:B7,E2:E7) -> 0.89886745 | F8: =PEARSON(B2:B7,F2:F7) -> 0.90074073
A9: ChrF | B9: 1 | C9: 63.584402 | D9: 63.792333 | E9: 65.504643 | F9: 65.97581
B10: 2 | C10: 66.268963 | D10: 66.766215 | E10: 63.766488 | F10: 64.022218
B11: 3 | C11: 67.359903 | D11: 65.674617 | E11: 67.502397 | F11: 67.574394
B12: 4 | C12: 65.220079 | D12: 62.486649 | E12: 66.555334 | F12: 66.586708
B13: 5 | C13: 74.257392 | D13: 71.898597 | E13: 72.257985 | F13: 72.698439
B14: 6 | C14: 72.137179 | D14: 72.03883 | E14: 74.425508 | F14: 74.538181
A15: Pearson | C15: =PEARSON(B9:B14,C9:C14) -> 0.82866777 | D15: =PEARSON(B9:B14,D9:D14) -> 0.70630878 | E15: =PEARSON(B9:B14,E9:E14) -> 0.89503614 | F15: =PEARSON(B9:B14,F9:F14) -> 0.87964961
A16: Cosine | B16: 1 | C16: 0.96576288 | D16: 0.96421827 | E16: 0.96595549 | F16: 0.96620298
B17: 2 | C17: 0.98597989 | D17: 0.98556271 | E17: 0.98602506 | F17: 0.98602704
B18: 3 | C18: 0.97903631 | D18: 0.97778179 | E18: 0.99319799 | F18: 0.97952954
B19: 4 | C19: 0.98898154 | D19: 0.98851444 | E19: 0.98903193 | F19: 0.98925469
B20: 5 | C20: 0.98292425 | D20: 0.982244 | E20: 0.98301208 | F20: 0.98313314
B21: 6 | C21: 0.99300155 | D21: 0.99253275 | E21: 0.99922025 | F21: 0.99330891
A22: Pearson | C22: =PEARSON(B16:B21,C16:C21) -> 0.76612273 | D22: =PEARSON(B16:B21,D16:D21) -> 0.76096818 | E22: =PEARSON(B16:B21,E16:E21) -> 0.71979662 | F22: =PEARSON(B16:B21,F16:F21) -> 0.77060747
A23: Levenshtein_Char | B23: 1 | C23: 16.816327 | D23: 17.387755 | E23: 16.591837 | F23: 16.428571
B24: 2 | C24: 10.79096 | D24: 14.013245 | E24: 12.910714 | F24: 12.75
B25: 3 | C25: 13.066225 | D25: 14.125 | E25: 12.821192 | F25: 12.602649
B26: 4 | C26: 13.160714 | D26: 10.12987 | E26: 9.038961 | F26: 8.6623377
B27: 5 | C27: 7.484375 | D27: 8.46875 | E27: 7.34375 | F27: 7.25
B28: 6 | C28: 9.1298701 | D28: 11.836158 | E28: 10.446328 | F28: 10.19209
A29: Pearson | C29: =PEARSON(B23:B28,C23:C28) -> -0.77513666 | D29: =PEARSON(B23:B28,D23:D28) -> -0.81001515 | E29: =PEARSON(B23:B28,E23:E28) -> -0.83217199 | F29: =PEARSON(B23:B28,F23:F28) -> -0.834348
A30: Levenshtein_Word | B30: 1 | C30: 1.2028986 | D30: 1.2608696 | E30: 1.2002899 | F30: 1.173913
B31: 2 | C31: 1.1449275 | D31: 1.173913 | E31: 1.1542145 | F31: 1.0869565
B32: 3 | C32: 1.0258065 | D32: 1.0387097 | E32: 1.0355426 | F32: 1.0387097
B33: 4 | C33: 1.0387097 | D33: 1.0338706 | E33: 1.0318769 | F33: 1.0258065
B34: 5 | C34: 1.0461728 | D34: 1.0061728 | E34: 1.0061728 | F34: 1.0051226
B35: 6 | C35: 1.0681481 | D35: 1.0993827 | E35: 1.0098148 | F35: 1.0090123
A36: Pearson | C36: =PEARSON(B30:B35,C30:C35) -> -0.72520387 | D36: =PEARSON(B30:B35,D30:D35) -> -0.715815 | E36: =PEARSON(B30:B35,E30:E35) -> -0.90294514 | F36: =PEARSON(B30:B35,F30:F35) -> -0.8960167
A37: Meteor | B37: 1 | C37: 0.61542067 | D37: 0.59229009 | E37: 0.61837835 | F37: 0.62677271
B38: 2 | C38: 0.6603117 | D38: 0.65302359 | E38: 0.6621327 | F38: 0.66329487
B39: 3 | C39: 0.60948415 | D39: 0.59348999 | E39: 0.61317832 | F39: 0.61593352
B40: 4 | C40: 0.66429886 | D40: 0.64168109 | E40: 0.66626354 | F40: 0.66861998
B41: 5 | C41: 0.75853123 | D41: 0.74762497 | E41: 0.75901712 | F41: 0.76012164
B42: 6 | C42: 0.72939003 | D42: 0.7190776 | E42: 0.73026464 | F42: 0.73262082
A43: Pearson | C43: =PEARSON(B37:B42,C37:C42) -> 0.81714263 | D43: =PEARSON(B37:B42,D37:D42) -> 0.80568896 | E43: =PEARSON(B37:B42,E37:E42) -> 0.81876786 | F43: =PEARSON(B37:B42,F37:F42) -> 0.81156353
A44: RougeL | B44: 1 | C44: 0.67400431 | D44: 0.65272765 | E44: 0.67529575 | F44: 0.67784211
B45: 2 | C45: 0.65592386 | D45: 0.64224914 | E45: 0.66247786 | F45: 0.66601542
B46: 3 | C46: 0.70518138 | D46: 0.69217428 | E46: 0.70536063 | F46: 0.70582031
B47: 4 | C47: 0.6908732 | D47: 0.68442353 | E47: 0.690927 | F47: 0.69300344
B48: 5 | C48: 0.78912756 | D48: 0.78109131 | E48: 0.78927531 | F48: 0.78962642
B49: 6 | C49: 0.76208394 | D49: 0.75465031 | E49: 0.7623547 | F49: 0.76404247
A50: Pearson | C50: =PEARSON(B44:B49,C44:C49) -> 0.84833437 | D50: =PEARSON(B44:B49,D44:D49) -> 0.8837584 | E50: =PEARSON(B44:B49,E44:E49) -> 0.84768383 | F50: =PEARSON(B44:B49,F44:F49) -> 0.84977802
A51: RougeN | B51: 1 | C51: 0.5828854 | D51: 0.56278556 | E51: 0.58475851 | F51: 0.58867523
B52: 2 | C52: 0.60989974 | D52: 0.58279381 | E52: 0.62944616 | F52: 0.630328
B53: 3 | C53: 0.59790575 | D53: 0.61954518 | E53: 0.60995308 | F53: 0.61611554
B54: 4 | C54: 0.62944616 | D54: 0.60523043 | E54: 0.60658289 | F54: 0.61032842
B55: 5 | C55: 0.73721714 | D55: 0.72387728 | E55: 0.74761587 | F55: 0.73896396
B56: 6 | C56: 0.68098997 | D56: 0.68100391 | E56: 0.69487788 | F56: 0.69913077
A57: Pearson | C57: =PEARSON(B51:B56,C51:C56) -> 0.82430156 | D57: =PEARSON(B51:B56,D51:D56) -> 0.8698943 | E57: =PEARSON(B51:B56,E51:E56) -> 0.77001609 | F57: =PEARSON(B51:B56,F51:F56) -> 0.79615217
A58: Euclidean | B58: 1 | C58: 0.65368549 | D58: 0.62084928 | E58: 0.61590578 | F58: 0.60986045
B59: 2 | C59: 0.56920455 | D59: 0.55393856 | E59: 0.55198475 | F59: 0.54866067
B60: 3 | C60: 0.5491482 | D60: 0.52409889 | E60: 0.52090807 | F60: 0.51345304
B61: 4 | C61: 0.50070051 | D61: 0.49130143 | E61: 0.48934941 | F61: 0.48358257
B62: 5 | C62: 0.4842325 | D62: 0.46735161 | E62: 0.46576316 | F62: 0.46500207
B63: 6 | C63: 0.4216287 | D63: 0.40606944 | E63: 0.40323531 | F63: 0.39892473
A64: Pearson | C64: =PEARSON(B58:B63,C58:C63) -> -0.97948952 | D64: =PEARSON(B58:B63,D58:D63) -> -0.98694267 | E64: =PEARSON(B58:B63,E58:E63) -> -0.98728658 | F64: =PEARSON(B58:B63,F58:F63) -> -0.98494093
A65: RoBERTa | B65: 1 | C65: 0.96442869 | D65: 1.037447 | E65: 1.0450443 | F65: 1.0624064
B66: 2 | C66: 1.0334227 | D66: 1.0973983 | E66: 1.1002764 | F66: 1.1118176
B67: 3 | C67: 1.0975066 | D67: 1.0916969 | E67: 1.0671374 | F67: 1.0782955
B68: 4 | C68: 1.1659503 | D68: 1.1842241 | E68: 1.1956512 | F68: 1.1982278
B69: 5 | C69: 1.2986433 | D69: 1.2088759 | E69: 1.3135148 | F69: 1.3157583
B70: 6 | C70: 1.3583166 | D70: 1.3293589 | E70: 1.4519052 | F70: 1.362319
A71: Pearson | C71: =PEARSON(B65:B70,C65:C70) -> 0.99236265 | D71: =PEARSON(B65:B70,D65:D70) -> 0.95935583 | E71: =PEARSON(B65:B70,E65:E70) -> 0.93680065 | F71: =PEARSON(B65:B70,F65:F70) -> 0.940401

Sheet Pearson Correlation
A1: Pearson Correlation btw Cyclomatic Complexity and Robustness R^o
A2: Similarity Metric | B2: =CyclomaticAverages!C1 -> Codex | C2: =CyclomaticAverages!D1 -> GeminiPro | D2: =CyclomaticAverages!E1 -> Falcon | E2: =CyclomaticAverages!F1 -> Llama2
A3: =CyclomaticAverages!$A$2 -> BLEU | B3: =CyclomaticAverages!C8 -> 0.85774499 | C3: =CyclomaticAverages!D8 -> 0.8859595 | D3: =CyclomaticAverages!E8 -> 0.89886745 | E3: =CyclomaticAverages!F8 -> 0.90074073
A4: =CyclomaticAverages!$A$9 -> ChrF | B4: =CyclomaticAverages!C15 -> 0.82866777 | C4: =CyclomaticAverages!D15 -> 0.70630878 | D4: =CyclomaticAverages!E15 -> 0.89503614 | E4: =CyclomaticAverages!F15 -> 0.87964961
A5: =CyclomaticAverages!$A$16 -> Cosine | B5: =CyclomaticAverages!C22 -> 0.76612273 | C5: =CyclomaticAverages!D22 -> 0.76096818 | D5: =CyclomaticAverages!E22 -> 0.71979662 | E5: =CyclomaticAverages!F22 -> 0.77060747
A6: =CyclomaticAverages!$A$23 -> Levenshtein_Char | B6: =CyclomaticAverages!C29 -> -0.77513666 | C6: =CyclomaticAverages!D29 -> -0.81001515 | D6: =CyclomaticAverages!E29 -> -0.83217199 | E6: =CyclomaticAverages!F29 -> -0.834348
A7: =CyclomaticAverages!$A$30 -> Levenshtein_Word | B7: =CyclomaticAverages!C36 -> -0.72520387 | C7: =CyclomaticAverages!D36 -> -0.715815 | D7: =CyclomaticAverages!E36 -> -0.90294514 | E7: =CyclomaticAverages!F36 -> -0.8960167
A8: =CyclomaticAverages!$A$37 -> Meteor | B8: =CyclomaticAverages!C43 -> 0.81714263 | C8: =CyclomaticAverages!D43 -> 0.80568896 | D8: =CyclomaticAverages!E43 -> 0.81876786 | E8: =CyclomaticAverages!F43 -> 0.81156353
A9: =CyclomaticAverages!$A$44 -> RougeL | B9: =CyclomaticAverages!C50 -> 0.84833437 | C9: =CyclomaticAverages!D50 -> 0.8837584 | D9: =CyclomaticAverages!E50 -> 0.84768383 | E9: =CyclomaticAverages!F50 -> 0.84977802
A10: =CyclomaticAverages!$A$51 -> RougeN | B10: =CyclomaticAverages!C57 -> 0.82430156 | C10: =CyclomaticAverages!D57 -> 0.8698943 | D10: =CyclomaticAverages!E57 -> 0.77001609 | E10: =CyclomaticAverages!F57 -> 0.79615217
A11: =CyclomaticAverages!$A$58 -> Euclidean | B11: =CyclomaticAverages!C64 -> -0.97948952 | C11: =CyclomaticAverages!D64 -> -0.98694267 | D11: =CyclomaticAverages!E64 -> -0.98728658 | E11: =CyclomaticAverages!F64 -> -0.98494093
A12: =CyclomaticAverages!$A$65 -> RoBERTa | B12: =CyclomaticAverages!C71 -> 0.99236265 | C12: =CyclomaticAverages!D71 -> 0.95935583 | D12: =CyclomaticAverages!E71 -> 0.93680065 | E12: =CyclomaticAverages!F71 -> 0.940401
